{
  "theta_causal": -0.9400593740444244,
  "theta": [
    -0.9400593740444244
  ],
  "se": 0.006147893391023346,
  "ci_lower": -0.952109023671622,
  "ci_upper": -0.9280097244172268,
  "f_stat_first_stage": 23380.721730203157,
  "p_value": 0.0,
  "ols_elasticity": -0.9310610309662269,
  "iv_elasticity": -0.9335473769279784,
  "n_obs": 148640,
  "n_folds": 5,
  "category": "cso"
}