{
  "h=1": {
    "RMSE": 5.000567436218262,
    "MAE": 2.130213499069214,
    "WMAPE": 0.7168402671813965,
    "NDR": 1.0
  },
  "h=5": {
    "RMSE": 5.166863441467285,
    "MAE": 2.167478322982788,
    "WMAPE": 0.7225480675697327,
    "NDR": 1.0332554269830598
  },
  "h=10": {
    "RMSE": 5.286062240600586,
    "MAE": 2.2068276405334473,
    "WMAPE": 0.7256059646606445,
    "NDR": 1.0570924816080938
  },
  "h=13": {
    "RMSE": 5.282842636108398,
    "MAE": 2.205444097518921,
    "WMAPE": 0.7256088852882385,
    "NDR": 1.056448633778172
  },
  "h=25": {
    "RMSE": 5.243164539337158,
    "MAE": 2.1966590881347656,
    "WMAPE": 0.7237230539321899,
    "NDR": 1.048513914913297
  }
}