{
  "mean_return": -620.1706192207337,
  "std_return": 0.06563190383905634,
  "median_return": -620.1796650886536,
  "min_return": -620.1800961494446,
  "max_return": -619.6034436225891,
  "n_episodes": 100,
  "method": "SAC",
  "total_timesteps": 50000,
  "eval_type": "world_model"
}