{
  "method": "static_xgboost",
  "total_gross_margin": 7579751.039079369,
  "mean_return": 148622.5693937131,
  "train_rows": 4088234,
  "test_rows": 483848,
  "sampled_rows": 5000,
  "n_weeks": 51,
  "eval_type": "data_replay"
}